﻿<?xml version="1.0" encoding="UTF-8" ?>

<methods>
	<method>hfnok</method>
	<method>bhandh</method>
	<method>bhandhlyp</method>
	<method>b3p86</method>
	<method>b3lyp</method>
	<method>b3pw91</method>
	<method>mpw1pw91</method>
	<method>b1lyp</method>
	<method>lg1lyp</method>
	<method>mpw1lyp</method>
	<method>mpw1pbe</method>
	<method>mpw3pbe</method>
	<method>pbe1pbe</method>
	<method>pbe3pbe</method>
	<method>ba1pbe</method>
	<method>ba3pbe</method>
	<method>b1b95</method>
	<method>b98</method>
	<method>hcth93</method>
	<method>b971</method>
	<method>b972</method>
	<method>hcth147</method>
	<method>hcth407</method>
	<method>o3lyp</method>
	<method>ohse2pbe</method>
	<method>pbeh1pbe</method>
	<method>ompw1pw91</method>
	<method>ompw1lyp</method>
	<method>ompw1pbe</method>
	<method>ompw3pbe</method>
	<method>thcth</method>
	<method>thcthhyb</method>
	<method>x3lyp</method>
	<method>bmk</method>
	<method>tpssh</method>
	<method>ohse1pbe</method>
	<method>m05</method>
	<method>m052x</method>
	<method>oapf</method>
	<method>cam-b3lyp</method>
	<method>lc-wpbe</method>
	<method>b97d</method>
	<method>apf</method>
	<method>apfd</method>
	<method>papf</method>
	<method>papfd</method>
	<method>b2plyp</method>
	<method>mpw2plyp</method>
	<method>b2plypd</method>
	<method>mpw2plypd</method>
	<method>hseh1pbe</method>
	<method>m06hf</method>
	<method>m06l</method>
	<method>m06</method>
	<method>m062x</method>
	<method>wb97</method>
	<method>wb97x</method>
	<method>wb97xd</method>
	<method>b97d3</method>
	<method>b2plypd3</method>
	<method>hissbpbe</method>
	<method>hissapbe</method>
	<method>sogga11</method>
	<method>m11</method>
	<method>sogga11x</method>
	<method>m11l</method>
	<method>n12</method>
	<method>mn12l</method>
	<method>n12sx</method>
	<method>mn12sx</method>
	<method>lc-whpbe</method>
	<method>mn15l</method>
	<method>mn15</method>
	<method>m08hx</method>
	<method>pw6b95</method>
	<method>pw6b95d3</method>
	<method>dsdpbep86</method>
	<method>pbe0dh</method>
	<method>pbeqidh</method>
	<method>cis</method>
	<method>td</method>
	<method>hf</method>
	<method>oss</method>
	<method>gvb</method>
	<method>oss</method>
	<method>mcscf</method>
	<method>casscf</method>
	<method>mp2</method>
	<method>mp3</method>
	<method>mp4</method>
	<method>ci</method>
	<method>cc</method>
	<method>qci</method>
	<method>ci</method>
	<method>full</method>
	<method>cndo</method>
	<method>indo</method>
	<method>mindo3</method>
	<method>mndo</method>
	<method>am1</method>
	<method>zindo</method>
	<method>pm3</method>
	<method>pm3mm</method>
	<method>dreiding</method>
	<method>uff</method>
	<method>amber</method>
	<method>mm2</method>
	<method>mm3</method>
	<method>huckel</method>
	<method>external</method>
	<method>mmff</method>
	<method>qff</method>
	<method>dftb</method>
	<method>dftba</method>
	<method>ehtsc</method>
	<method>pm6</method>
	<method>pddg</method>
	<method>pm6o</method>
	<method>pm6hxc</method>
	<method>pm6axc</method>
	<method>pm6e</method>
	<method>pm6pfd</method>
	<method>pm6d3</method>
	<method>pm7</method>
	<method>pm7ts</method>
	<method>pm7mopac</method>
	<method>oldpm6</method>
	<method>ndbebo</method>
	<method>qcisd(tq)</method>
	<method>qcisd(t)</method>
	<method>st4ccd</method>
	<method>cifull</method>
	<method>bd(</method>
	<method>bd(tq</method>
	<method>bd(t</method>
	<method>mp5</method>
	<method>ccsd</method>
	<method>sdft</method>
	<method>ccsd(t)</method>
	<method>ccsd(tq)</method>
	<method>ovgf</method>
	<method>sacci</method>
	<method>eomccsd</method>
</methods>